ECO ,MARCA,COLOR,NO SERIE
DOLLY A,MARGO,ROSA,3A9DM1244KM050125
DOLLY B,MARGO,ROSA,3A9DM1242KM050124
DOLLY C,MARGO,ROSA,3A9DM1246LM050015
DOLLY D,MARGO,ROSA,3A9DM1240LM050057
DOLLY E,MARGO,ROSA,3A9DM1245LM050085
DOLLY F,CHIEF,ROSA,3C9CD0321PC222052
DOLLY G,CHIEF,ROSA,3J9DA1228SE090242
DOLLY H,ROME,ROSA,3J9DA1229ME090009
DOLLY I,ROME,ROSA,3J9DA1222NE090032
DOLLY J,CHIEF,ROSA,3C9CD032XNC222242
DOLLY K,CHIEF,ROSA,3C9CD0325NC222245
DOLLY L,CHIEF,ROSA,3C9CD0327PC222055
DOLLY M,CHIEF,ROSA,3C9CD0322PC222058
DOLLY N,P Y P DEL NORTE,ROSA,3P9DA102XRJ042005
DOLLY Ñ,P Y P DEL NORTE,ROSA,3P9DA102XRJ042036
DOLLY O,P Y P DEL NORTE,ROSA,3P9DA1029RJ042142
DOLLY P,P Y P DEL NORTE,ROSA,3P9DA1029RJ042139
DOLLY Q,P Y P DEL NORTE,ROSA,3P9DA102XSJ042088
DOLLY R,ROME,ROSA,3J9DA122XRE090267
DOLLY S,ROME,ROSA,3J9DA1221RE090268
DOLLY T,CHIEF,ROSA,3J9DA1223SE090147
DOLLY U,CHIEF,ROSA,3C9CD0323SC222143
DOLLY V,CHIEF,ROSA,3C9CD0321SC222187
DOLLY W,CHIEF,ROSA,3C9CD0322SC222246
DOLLY X,CHIEF,ROSA,3C9CD0328SC222249
DOLLY Y,CHIEF,ROSA,3C9CD0324SC222247
DOLLY Z,CHIEF,ROSA,3C9CD0326SC222248
DOLLY D01,ROME,ROSA,3J9DA1227TE090007
DOLLY D02,ROME,ROSA,3J9DA1227TE090010
DOLLY D03,ROME,ROSA,3J9DA1222TE090013
DOLLY D04,ROME,ROSA,3J9DA1228TE090016
DOLLY D05,ROME,ROSA,3J9DA1223TE090019
DOLLY D06,ROME,,3J9DA1221TE090133
DOLLY D07,ROME,,3J9DA1222TE090139
DOLLY D08,ROME,,3J9DA1226TE090127
DOLLY D09,ROME,,3J9DA1226TE090130
DOLLY D10,ROME,,3J9DA1227TE090136
DOLLY D11,CHIEF,,3C9CD0320TC222103
DOLLY D12,CHIEF,,3C9CD0321TC222109
DOLLY D13,CHIEF,,3C9CD0321TC222112
DOLLY D14,CHIEF,,3C9CD0322TC222118
DOLLY D15,CHIEF,,3C9CD0323TC222094
DOLLY D16,CHIEF,,3C9CD0325TC222100
DOLLY D17,CHIEF,,3C9CD0326TC222106
DOLLY D18,CHIEF,,3C9CD0327TC222115
DOLLY D19,CHIEF,,3C9CD0328TC222091
DOLLY D20,CHIEF,,3C9CD0329TC222097
